Zipcode,Neighborhood
10451,High Bridge and Morrisania
10452,High Bridge and Morrisania
10456,High Bridge and Morrisania
10029,East Harlem
10035,East Harlem
10012,Greenwich Village and SoHo
10013,Greenwich Village and SoHo
10014,Greenwich Village and SoHo
11101,Long Island City and Astoria
11102,Long Island City and Astoria
11103,Long Island City and Astoria
11104,Long Island City and Astoria
11105,Long Island City and Astoria
11106,Long Island City and Astoria
10021,Upper Eastside
10028,Upper Eastside
10044,Upper Eastside
10065,Upper Eastside
10075,Upper Eastside
10128,Upper Eastside
11374,West Queens
11375,West Queens
11379,West Queens
11385,West Queens
10001,Chelsea and Clinton
10011,Chelsea and Clinton
10018,Chelsea and Clinton
10019,Chelsea and Clinton
10020,Chelsea and Clinton
10036,Chelsea and Clinton
11004,Southeast Queens
11005,Southeast Queens
11411,Southeast Queens
11413,Southeast Queens
11422,Southeast Queens
11426,Southeast Queens
11427,Southeast Queens
11428,Southeast Queens
11429,Southeast Queens
11207,East New York
11208,East New York
11203,East Flatbush and Flatbush
11210,East Flatbush and Flatbush
11225,East Flatbush and Flatbush
11226,East Flatbush and Flatbush
11211,Greenpoint
11222,Greenpoint
11234,Canarsie and Flatlands
11236,Canarsie and Flatlands
11239,Canarsie and Flatlands
10302,Port Richmond
10303,Port Richmond
10310,Port Richmond
10026,Central Harlem and Morningside Heights
10027,Central Harlem and Morningside Heights
10030,Central Harlem and Morningside Heights
10037,Central Harlem and Morningside Heights
10039,Central Harlem and Morningside Heights
10454,Hunts Point and Mott Haven
10455,Hunts Point and Mott Haven
10459,Hunts Point and Mott Haven
10474,Hunts Point and Mott Haven
11206,Williamsburg and Bushwick
11221,Williamsburg and Bushwick
11237,Williamsburg and Bushwick
11412,Jamaica
11423,Jamaica
11432,Jamaica
11433,Jamaica
11434,Jamaica
11435,Jamaica
11436,Jamaica
10004,Lower Manhattan
10005,Lower Manhattan
10006,Lower Manhattan
10007,Lower Manhattan
10038,Lower Manhattan
10280,Lower Manhattan
10461,Pelham and Throgs Neck
10462,Pelham and Throgs Neck
10464,Pelham and Throgs Neck
10465,Pelham and Throgs Neck
10472,Pelham and Throgs Neck
10473,Pelham and Throgs Neck
10453,Crotona and Tremont
10457,Crotona and Tremont
10460,Crotona and Tremont
10458,Fordham and Bronx Park
10467,Fordham and Bronx Park
10468,Fordham and Bronx Park
11374,Ridgewood and Forest Hills
11375,Ridgewood and Forest Hills
11379,Ridgewood and Forest Hills
11385,Ridgewood and Forest Hills
11201,Downtown and Heights and Park Slope
11205,Downtown and Heights and Park Slope
11215,Downtown and Heights and Park Slope
11217,Downtown and Heights and Park Slope
11231,Downtown and Heights and Park Slope
10463,Kingsbridge and Riverdale
10471,Kingsbridge and Riverdale
11354,Flushing and Clearview
11355,Flushing and Clearview
11356,Flushing and Clearview
11357,Flushing and Clearview
11358,Flushing and Clearview
11359,Flushing and Clearview
11360,Flushing and Clearview
10031,Washington Heights and Inwood
10032,Washington Heights and Inwood
10033,Washington Heights and Inwood
10034,Washington Heights and Inwood
10040,Washington Heights and Inwood
10301,Stapleton and St. George
10304,Stapleton and St. George
10305,Stapleton and St. George
10314,Willowbrook
10002,Union Square and Lower Eastside
10003,Union Square and Lower Eastside
10009,Union Square and Lower Eastside
11204,Borough Park
11218,Borough Park
11219,Borough Park
11230,Borough Park
10306,South Beach and Tottenville
10307,South Beach and Tottenville
10308,South Beach and Tottenville
10309,South Beach and Tottenville
10312,South Beach and Tottenville
11365,Fresh Meadows
11366,Fresh Meadows
11367,Fresh Meadows
11361,Bayside and Little Neck
11362,Bayside and Little Neck
11363,Bayside and Little Neck
11364,Bayside and Little Neck
11220,Sunset Park
11232,Sunset Park
11414,Southwest Queens
11415,Southwest Queens
11416,Southwest Queens
11417,Southwest Queens
11418,Southwest Queens
11419,Southwest Queens
11420,Southwest Queens
11421,Southwest Queens
10023,Upper Westside
10024,Upper Westside
10025,Upper Westside
11223,Coney Island and Sheepshead Bay
11224,Coney Island and Sheepshead Bay
11229,Coney Island and Sheepshead Bay
11235,Coney Island and Sheepshead Bay
11691,Rockaway
11692,Rockaway
11693,Rockaway
11694,Rockaway
11695,Rockaway
11697,Rockaway
10010,Gramercy Park and Murray Hill
10016,Gramercy Park and Murray Hill
10017,Gramercy Park and Murray Hill
10022,Gramercy Park and Murray Hill
11209,Bensonhurst and Bay Ridge
11214,Bensonhurst and Bay Ridge
11228,Bensonhurst and Bay Ridge
11212,Bedford Stuyvesant and Crown Heights
11213,Bedford Stuyvesant and Crown Heights
11216,Bedford Stuyvesant and Crown Heights
11233,Bedford Stuyvesant and Crown Heights
11238,Bedford Stuyvesant and Crown Heights
10466,Northeast Bronx
10469,Northeast Bronx
10470,Northeast Bronx
10475,Northeast Bronx
10453,All
10457,All
10460,All
10458,All
10467,All
10468,All
10451,All
10452,All
10456,All
10454,All
10455,All
10459,All
10474,All
10463,All
10471,All
10466,All
10469,All
10470,All
10475,All
10461,All
10462,All
10464,All
10465,All
10472,All
10473,All
11212,All
11213,All
11216,All
11233,All
11238,All
11209,All
11214,All
11228,All
11204,All
11218,All
11219,All
11230,All
11234,All
11236,All
11239,All
11223,All
11224,All
11229,All
11235,All
11201,All
11205,All
11215,All
11217,All
11231,All
11203,All
11210,All
11225,All
11226,All
11207,All
11208,All
11211,All
11222,All
11220,All
11232,All
11206,All
11221,All
11237,All
10026,All
10027,All
10030,All
10037,All
10039,All
10001,All
10011,All
10018,All
10019,All
10020,All
10036,All
10029,All
10035,All
10010,All
10016,All
10017,All
10022,All
10012,All
10013,All
10014,All
10004,All
10005,All
10006,All
10007,All
10038,All
10280,All
10002,All
10003,All
10009,All
10021,All
10028,All
10044,All
10065,All
10075,All
10128,All
10023,All
10024,All
10025,All
10031,All
10032,All
10033,All
10034,All
10040,All
11361,All
11362,All
11363,All
11364,All
11354,All
11355,All
11356,All
11357,All
11358,All
11359,All
11360,All
11365,All
11366,All
11367,All
11412,All
11423,All
11432,All
11433,All
11434,All
11435,All
11436,All
11101,All
11102,All
11103,All
11104,All
11105,All
11106,All
11374,All
11375,All
11379,All
11385,All
11691,All
11692,All
11693,All
11694,All
11695,All
11697,All
11004,All
11005,All
11411,All
11413,All
11422,All
11426,All
11427,All
11428,All
11429,All
11414,All
11415,All
11416,All
11417,All
11418,All
11419,All
11420,All
11421,All
11368,All
11369,All
11370,All
11372,All
11373,All
11377,All
11378,All
10302,All
10303,All
10310,All
10306,All
10307,All
10308,All
10309,All
10312,All
10301,All
10304,All
10305,All
10314,All
